"Event","From","To","LengthMeters","DelaySeconds","Magnitude","PointCount","StartLongitude","StartLatitude","EndLongitude","EndLatitude"
"Stationary traffic","Houghton Road (M6)","Lower Kloof Road (M6)","753","322","3","37","18,3766252916","-33,9562551213","18,3788756650","-33,9498754866"
"Queuing traffic","Lower Kloof Road (M6)","Houghton Road (M6)","637","226","2","30","18,3790607374","-33,9491982607","18,3765944462","-33,9545210833"
"Queuing traffic","Beach Road (Church Road)","Regent Street (Church Road)","98","84","2","4","18,3856737237","-33,9183944317","18,3863255005","-33,9190931170"
"Stationary traffic","Kloof Road","High Level Road","271","201","3","5","18,3873353522","-33,9186693158","18,3898177367","-33,9199635269"
"Queuing traffic","Main Road (M61) / Rhine Road","High Level Road","102","86","2","2","18,4001522880","-33,9113227465","18,4000610929","-33,9104094675"
"Queuing traffic","Signal Hill","Camps Bay Drive (M62) / Kloof Road","1097","324","2","58","18,4027298909","-33,9175777034","18,3984101932","-33,9215151353"
"Stationary traffic","Camps Bay Drive (M62) / Kloof Road","Signal Hill","1117","424","3","60","18,3984115344","-33,9215165263","18,4026588123","-33,9177385874"
"Stationary traffic","Krynauw Street","Kloof Street","132","309","3","3","18,4099141877","-33,9327160914","18,4087501090","-33,9320321223"
"Slow traffic","Mill Street (M3) / Upper Maynard Road","Vredehoek Avenue","276","62","1","5","18,4197511893","-33,9344367347","18,4198249500","-33,9366978165"
"Queuing traffic","Buitengracht Street (M62)","Loop Street","182","83","2","6","18,4213712435","-33,9168547999","18,4228182953","-33,9179706271"
"Slow traffic","Plein Street (Roeland Street)","Lower Plein Street (Roeland Street)","611","214","1","18","18,4202245992","-33,9270834573","18,4245040637","-33,9228911660"
"Slow traffic","Riebeek Street (Adderley Street)","Darling Street (Adderley Street)","380","136","1","21","18,4245308857","-33,9209975183","18,4217279773","-33,9234906338"
"Stationary traffic","Steenberg Road (M42) / Catharina Avenue","Swaaneweide Avenue","87","182","3","19","18,4282041710","-34,0748490057","18,4276073795","-34,0742562287"
"Stationary traffic","Christiaan Barnard Street (M60)","Foreshore","268","475","3","13","18,4308059137","-33,9238862427","18,4286199134","-33,9227503228"
"Stationary traffic","Christiaan Barnard Street (M60)","Christiaan Barnard Street (M60) / Martin Hammerschlag Way","258","153","3","8","18,4326874834","-33,9217230297","18,4319914501","-33,9200761356"
"Slow traffic","Christiaan Barnard Street (M60)","Christiaan Barnard Street (M60)","437","139","1","15","18,4333593767","-33,9199098308","18,4326874834","-33,9217230297"
"Stationary traffic","Ficus Street / Flamingo Street","Keurboom Avenue","156","189","3","6","18,4363433343","-34,0743273233","18,4346763413","-34,0744399359"
"Stationary traffic","Sir Lowry Road (M4) / Searle Street","Sir Lowry Road (M4)","95","159","3","5","18,4389236193","-33,9285680314","18,4389383715","-33,9277123841"
"Slow traffic","Warwick Street","Protea Road (M33)","346","162","1","21","18,4640183669","-33,9808362661","18,4635784846","-33,9778468816"
"Queuing traffic","Cavendish Street","Main Road (M4) / Hawthorne Road","271","171","2","11","18,4620965641","-33,9796855369","18,4650188308","-33,9794267666"
"Queuing traffic","Main Road (M4) / Claremont Boulevard","Protea Road (M33)","370","183","2","14","18,4660742801","-33,9793234807","18,4620965641","-33,9796855369"
"Stationary traffic","Boundary Road (De Waal Road/M38)","Victoria Road (Victoria Road/M38)","397","139","3","9","18,4619275849","-34,0342524648","18,4662070494","-34,0346708279"
"Queuing traffic","Summerley Road (M4)","Constantia Road (M4)","789","185","2","29","18,4688061100","-34,0014771713","18,4690676253","-34,0085233709"
"Stationary traffic","Main Road (M4)","Wetton Road (M9) / Apenide Road","203","164","3","7","18,4692003947","-34,0054562343","18,4708955508","-34,0047695840"
"Slow traffic","Main Road (M4)","Wetton Road (M9) / Apenide Road","183","82","1","7","18,4692540389","-34,0041312209","18,4712388735","-34,0041526920"
"Queuing traffic","Rosmead Avenue (M28) / Electricity Road","Main Road (M4)","260","108","2","9","18,4716371816","-34,0041835436","18,4692258757","-34,0047870248"
"Stationary traffic","Wetton Road (M9) / Apenide Road","Main Road (M4) / Lower Maynard Road","244","172","3","13","18,4716921669","-34,0027203706","18,4708955508","-34,0047695840"
"Stationary traffic","Cook Road (Lansdowne Road)","Palmyra Road (Stanhope Road)","769","232","3","28","18,4763297063","-33,9839100603","18,4682844203","-33,9829498113"
"Stationary traffic","Main Road (Military Road)","Prince George Drive (Military Road)","1124","513","3","32","18,4673389416","-34,0755343251","18,4795255583","-34,0750876982"
"Queuing traffic","Depsiton Crescent (Military Road)","Main Road (Military Road)","583","154","2","21","18,4803087633","-34,0750984595","18,4739988666","-34,0753022988"
"Stationary traffic","Concert Boulevard (M5)","Military Road (M5)","445","112","3","15","18,4815573316","-34,0714855073","18,4795255583","-34,0750876982"
"Stationary traffic","Berkshire Boulevard","Sunningdale","26","88","3","2","18,4847008806","-33,7875294312","18,4847652536","-33,7877561126"
"Stationary traffic","Wemyss Street","Brooklyn","50","124","3","6","18,4864134710","-33,9027866255","18,4863490980","-33,9032292195"
"Stationary traffic","Punters Way","Chichester Road (M24) / Race Course Road (M24)","189","155","3","7","18,4859776121","-33,9897814106","18,4873348098","-33,9885421920"
"Stationary traffic","Main Road - Kendal Road (Kendal Road/M38)","Victoria Road (Victoria Road/M38)","1035","414","3","45","18,4768634658","-34,0374590061","18,4878685694","-34,0363861438"
"Slow traffic","Berg Street","Vrygrond Avenue","234","97","1","11","18,4884599965","-34,0830056200","18,4890272837","-34,0836037506"
"Queuing traffic","Parklands Main Road (Raats Drive)","Blaauwberg Road - M14 (Raats Drive)","229","165","2","23","18,4910174828","-33,8231008862","18,4903710705","-33,8249985872"
"Stationary traffic","Lansdowne [15]","Race Course Road (M24)","109","75","3","7","18,4910939258","-33,9876356487","18,4913889688","-33,9885596361"
"Queuing traffic","Belvedere Road (M24)","Prince Arthur Road (M24)","946","324","2","33","18,4850911420","-33,9873513268","18,4947470945","-33,9894568568"
"Slow traffic","De Grendel Road","Mansveldt Road","129","84","1","6","18,4962169450","-33,8839561658","18,4966943782","-33,8828632043"
"Queuing traffic","Italian Road (5th Avenue)","Victoria Road (5th Avenue)","814","159","2","20","18,4897756200","-34,0533953794","18,4967212003","-34,0488745011"
"Slow traffic","Klip Road (Victoria Road)","Rooikrans Avenue (Victoria Road)","731","140","1","23","18,4921668094","-34,0440371625","18,4970484298","-34,0492245240"
"Queuing traffic","Hillview Road","Klipfontein Road (M18) / Eike Avenue","167","64","2","5","18,4997145456","-33,9576230821","18,4992800277","-33,9590647148"
"Queuing traffic","Milner Road (Kromboom Road)","Jan Smuts Drive (Kromboom Road)","1071","258","2","24","18,4933402758","-33,9724181231","18,5048576813","-33,9736666827"
"Stationary traffic","Lansdowne Road / Flamingo Crescent","Rompe Street","331","181","3","3","18,5048684102","-33,9909105983","18,5042541843","-33,9938181457"
"Stationary traffic","Wandsworth Way","Wood Drive","361","153","3","10","18,5072274130","-33,8009565838","18,5033382099","-33,8010276284"
"Stationary traffic","Zeus Drive","Koeberg Road (M5) / Freedom Way","129","82","3","3","18,5080280524","-33,8712707016","18,5075680536","-33,8723649948"
"Queuing traffic","Century Way","North Bank Lane","323","163","2","33","18,5107102614","-33,8887747854","18,5106445473","-33,8910143965"
"Queuing traffic","Charente Crescent / Tourmalet Street","Koeberg Road / Tryall Road","915","211","2","19","18,5124858838","-33,7876541269","18,5132918876","-33,7897475946"
"Stationary traffic","Century City","Waterstone Isles Road","57","65","3","2","18,5146101933","-33,8859074852","18,5148985308","-33,8863634569"
"Stationary traffic","Bridge Place","Century City Drive (N1)","157","150","3","5","18,5173219066","-33,8908320319","18,5161631923","-33,8918647069"
"Queuing traffic","Ventura Street","Glider Crescent / Lugmag Avenue","203","136","2","5","18,5216670852","-33,9027303445","18,5200644654","-33,9024419822"
"Slow traffic","New Ottery Road (Ottery Road)","Strandfontein Road (Ottery Road)","937","136","1","48","18,5160652917","-34,0203880786","18,5233474892","-34,0243738275"
"Queuing traffic","Beak Road","Caracara Street","231","80","2","9","18,5261101645","-34,0614218478","18,5239657384","-34,0613508118"
"Slow traffic","Rhodes Street","Reuben Beyile Street","461","140","1","16","18,5293167454","-33,9464959088","18,5323556882","-33,9476452098"
"Stationary traffic","Strandfontein Road (M17)","Schaap Road","308","189","3","6","18,5297244411","-34,0532156544","18,5330195349","-34,0527422427"
"Stationary traffic","Rylands Road","Klipfontein Road (M18) / Petunia Road","135","143","3","4","18,5330034416","-33,9693805473","18,5334312540","-33,9682218078"
"Stationary traffic","King Langalibalele Street","Zone 14 Road","246","153","3","7","18,5364339870","-33,9454230099","18,5365332287","-33,9432168843"
"Queuing traffic","Mnandi Road","Potsdam Road (M5) / Winning Way","438","277","2","17","18,5400724035","-33,8187034171","18,5369529944","-33,8158012422"
"Slow traffic","Mnandi Road","Curry Street","168","109","1","5","18,5400750857","-33,8237566921","18,5408328098","-33,8223820565"
"Stationary traffic","Sxosh Jali Crescent","Sxosh Jali Crescent","34","69","3","4","18,5408341509","-33,8150502471","18,5404894870","-33,8149456476"
"Stationary traffic","Gousblom Street","Gousblom Street","109","329","3","22","18,5405578833","-33,8141839203","18,5408341509","-33,8150502471"
"Stationary traffic","Potsdam Road (M5) / Stables Way","Waxberry Street","175","147","3","15","18,5403862220","-33,8120166721","18,5414403301","-33,8133014279"
"Queuing traffic","Ngena Street","Curry Street","178","140","2","5","18,5416307669","-33,8209282932","18,5408328098","-33,8223820565"
"Queuing traffic","Siyabonga Street","Newcastle Street","292","157","2","8","18,5393213850","-33,8217932982","18,5416911166","-33,8231182946"
"Slow traffic","Potsdam Road (M5)","Dumani Road","429","157","1","9","18,5420854014","-33,8151655709","18,5401582342","-33,8186738910"
"Slow traffic","Mcclaren Drive / Mclaren Drive","Ngena Street","729","323","1","31","18,5363240164","-33,8154713595","18,5422061008","-33,8194933070"
"Queuing traffic","Bluegum Road (M7)","Klipfontein Road (M7)","1203","189","2","34","18,5423214358","-33,9551621134","18,5395158451","-33,9657139437"
"Stationary traffic","Mangaan Street","Klipfontein Road (M18)","273","336","3","5","18,5424086076","-33,9668928075","18,5419740897","-33,9693188187"
"Stationary traffic","N7 (M5)","Blaauwberg Road (M5)","788","245","3","28","18,5453992706","-33,8080456324","18,5402199250","-33,8124310442"
"Stationary traffic","Durr Road","Torrid Road","214","158","3","3","18,5451028865","-33,9755777874","18,5456755381","-33,9737122817"
"Stationary traffic","Chestnut Street","Jakes Gerwel Drive (M7) / Jakkalsvlei Avenue","170","173","3","4","18,5456688326","-33,9495026654","18,5457104069","-33,9479738170"
"Stationary traffic","Old Malmesbury Road (N7)","Wingfield Road (N7)","1969","375","3","21","18,5474766415","-33,7649505935","18,5460443419","-33,7472802238"
"Stationary traffic","Plate Road","Rio Grande Street","124","134","3","3","18,5517668348","-33,9905029305","18,5504203659","-33,9905525512"
"Stationary traffic","Bramble Way","Assegaai Avenue","67","155","3","5","18,5533935946","-33,9431337893","18,5533828657","-33,9425288968"
"Stationary traffic","Jansen Crescent","Usk Road","37","73","3","2","18,5531146448","-33,9934976379","18,5535156351","-33,9934587210"
"Queuing traffic","Ny1 Road (M18)","Vanguard Drive (M18)","532","148","2","15","18,5575671118","-33,9719648362","18,5520779711","-33,9705606811"
"Stationary traffic","Duinefontein Road (M10) / Ruimte Road","Priscillia Mngeni Street","206","328","3","14","18,5598845404","-33,9806712616","18,5599542778","-33,9788299169"
"Stationary traffic","Vanguard Drive (M18)","Ny1 Road (M18)","1194","339","3","33","18,5521128398","-33,9703796686","18,5640111190","-33,9745277069"
"Stationary traffic","Klipfontein Road (M18) (Ny1 Road)","Ny3 (Ny1 Road)","506","288","3","25","18,5648023706","-33,9831402495","18,5652114075","-33,9876463516"
"Queuing traffic","Settlers Way (N2) (Ny1 Road)","Ny3 (Ny1 Road)","363","127","2","16","18,5652583462","-33,9723631393","18,5636315864","-33,9753296395"
"Stationary traffic","Lansdowne Road (M9) (Ny1 Road)","Klipfontein Road (M18) (Ny1 Road)","647","257","3","23","18,5655104738","-33,9893147338","18,5646803301","-33,9835519838"
"Queuing traffic","Owen Road (Valhalla Drive)","Jakkalsvlei Street (Valhalla Drive)","1223","187","2","25","18,5664398592","-33,9369405138","18,5663379353","-33,9479416239"
"Stationary traffic","Settlers Way (N2) (Ny1 Road)","Klipfontein Road (M18) (Ny1 Road)","411","141","3","14","18,5687693578","-33,9639758578","18,5677125674","-33,9675405570"
"Stationary traffic","Duinefontein Road (Valhalla Drive)","Settlers Way - N2 (Valhalla Drive)","447","322","3","27","18,5678694766","-33,9601724807","18,5687680167","-33,9639826011"
"Stationary traffic","Doreen Street","Thomas Street","123","246","3","6","18,5699213665","-33,9563637886","18,5700420659","-33,9552654287"
"Slow traffic","Duinefontein Road (M9)","Emmbry Avenue (M9)","1344","179","1","26","18,5585729402","-34,0019961750","18,5730595511","-34,0020176466"
"Stationary traffic","Oliver Tambo Drive (M7)","Cape Flats Freeway (M7)","709","299","3","11","18,5701976341","-34,0189075385","18,5743215304","-34,0242920623"
"Stationary traffic","Tafelberg Road","Drakenstein Circle","80","68","3","2","18,5745790225","-33,9510999030","18,5750269514","-33,9504790058"
"Stationary traffic","Tom Street","New Crossroads","328","193","3","4","18,5776313764","-33,9972124518","18,5740841549","-33,9974847186"
"Slow traffic","Weltevreden Street","Jakes Gerwel Drive (M7)","421","121","1","11","18,5738575083","-34,0313650569","18,5782643777","-34,0303672779"
"Stationary traffic","Simonsberg Road","Kasteelberg Road","69","128","3","2","18,5804168504","-33,9514982343","18,5796685141","-33,9514432370"
"Stationary traffic","Ananwabisi Street","4th Avenue","146","210","3","4","18,5803672295","-33,9933594828","18,5805549842","-33,9946656925"
"Stationary traffic","Lindewa Street","Terminus Road","103","242","3","3","18,5818639022","-33,9932428014","18,5817525905","-33,9923187954"
"Slow traffic","Jessica Road","Reenberg Road","226","88","1","8","18,5817338150","-33,9520534197","18,5813623291","-33,9502121507"
"Slow traffic","Sheffield Road (Amsterdam Street)","Terminus Street (Emms Drive)","981","150","1","14","18,5842470449","-34,0055018162","18,5830507797","-33,9967350444"
"Queuing traffic","Nqwebeba Street","Sagwityi Street","318","155","2","16","18,5840472203","-34,0124326942","18,5847311836","-34,0101286714"
"Slow traffic","Govan Mbeki Road (M9)","Govan Mbeki Road (M9)","276","123","1","18","18,5904965919","-34,0002326336","18,5903839391","-34,0002567462"
"Slow traffic","Ny1 Road (M18)","Sithandatu Avenue (M18)","1692","173","1","29","18,5792594772","-33,9805264132","18,5913039368","-33,9893656757"
"Stationary traffic","Stock Road (M9)","Emmbry Avenue (M9)","344","153","3","8","18,5925712806","-33,9998008282","18,5889570039","-34,0005531854"
"Stationary traffic","Lansdowne Road (M22)","Sheffield Road (M22)","874","245","3","14","18,5925457996","-34,0000623160","18,5933290046","-34,0078849664"
"Stationary traffic","White Hart Lane (M22)","Lansdowne Road (M22)","1167","326","3","14","18,5936562341","-34,0107093207","18,5925256830","-34,0002648070"
"Stationary traffic","Amsterdam Street (Sheffield Road)","Stock Road - M36 (Sheffield Road)","475","158","3","16","18,5912315172","-34,0079185266","18,5963679474","-34,0078353558"
"Stationary traffic","Cormorant Avenue / Kraai Street","Weltevreden Road (M7) / Cormorant Avenue","143","141","3","8","18,5954962295","-34,0623271171","18,5968024653","-34,0623753766"
"Stationary traffic","Voortrekker Road (R102) / Fritz Spilhaus Avenue","De la Rey Street (M29)","165","117","3","6","18,5956585031","-33,9065886708","18,5974274200","-33,9063740611"
"Stationary traffic","Minerva Road","Mitchell Avenue","157","140","3","7","18,5964993757","-34,0361420633","18,5980523747","-34,0355707566"
"Stationary traffic","Robert Sobukwe Road (M10)","M12","216","265","3","14","18,5971887034","-33,9504333944","18,5987940055","-33,9490922959"
"Stationary traffic","Orrel Street","Bergsig Drive","145","128","3","4","18,5991963368","-34,0392936622","18,5983728987","-34,0400607415"
"Stationary traffic","Francie Van Zijl Drive (M29)","Mark Street (M29)","297","129","3","9","18,5993921381","-33,9166416072","18,5989120227","-33,9140076423"
"Slow traffic","Newton Road","Rose Street","175","96","1","7","18,6014346403","-34,0381510180","18,6024243754","-34,0391984367"
"Stationary traffic","New Eisleben Road (M9)","Stock Road (M9)","706","260","3","14","18,5974059623","-33,9985039397","18,6049268764","-33,9973948665"
"Slow traffic","Marigold Road","Eisleben Road (M22) / Lavender Road","330","75","1","4","18,6050583046","-34,0335081164","18,6015258354","-34,0337696393"
"Stationary traffic","Terminus Road","Market Road","109","192","3","2","18,6042174321","-34,0113141452","18,6054016274","-34,0112860058"
"Queuing traffic","Lansdowne Road (M36)","Ngqwangi Drive (M36)","891","202","2","13","18,6055451256","-34,0027244008","18,6064704877","-34,0107026506"
"Stationary traffic","Ngqwangi Drive (M36)","Highlands Drive (M36)","846","245","3","24","18,6069291454","-34,0148399669","18,6082970720","-34,0223259903"
"Slow traffic","Deodar Street","Sipres Street","384","71","1","11","18,6088764292","-33,8874095456","18,6047739905","-33,8875074461"
"Stationary traffic","Candytuft Street","Clarkia Street","190","162","3","6","18,6092801016","-34,0256706683","18,6076010388","-34,0258021019"
"Stationary traffic","Boulevard Park","M16","43","102","3","6","18,6115613204","-33,9045569181","18,6111670357","-33,9044053312"
"Stationary traffic","10th Avenue","A.Z. Berman Drive (M36)","58","63","3","9","18,6180884760","-34,0397295036","18,6184049767","-34,0393137353"
"Stationary traffic","Wespoort Drive (M36)","Morgenster Road (M36)","574","240","3","7","18,6195006591","-34,0416070339","18,6171885949","-34,0368112339"
"Queuing traffic","10th Avenue","Hengelaar Street","251","106","2","10","18,6178497594","-34,0398072949","18,6203656715","-34,0389731177"
"Slow traffic","Daiza Road","Daiza Road","363","65","1","26","18,6207130176","-33,9988539619","18,6218140644","-34,0012853844"
"Stationary traffic","Govan Mbeki Road (M9) / Delft Main Road","Gcobani Road","191","50","3","8","18,6228547615","-34,0002460450","18,6218663674","-34,0017494245"
"Stationary traffic","Akkerboom Avenue (Erica Drive)","Symphony Way (Erica Drive)","869","229","3","17","18,6140262705","-33,9451427189","18,6230612916","-33,9429728142"
"Stationary traffic","M54 (Sheffield Road/M171)","Lansdowne Road - M9 (Sheffield Road/M171)","260","174","3","5","18,6243393641","-33,9982625299","18,6228547615","-34,0002460450"
"Slow traffic","Klipfontein Road Extension (M9)","Luzuko Drive (M9)","1343","214","1","21","18,6114996296","-33,9974002173","18,6245230955","-34,0015831403"
"Queuing traffic","Erica Drive (Stellenbosch Road/M12)","Symphony Way (Stellenbosch Road/M12)","1018","168","2","10","18,6154840511","-33,9512568300","18,6264744025","-33,9521151609"
"Queuing traffic","Luzuko Drive (M9)","Klipfontein Road Extension (M9)","1074","199","2","20","18,6266138774","-34,0032970404","18,6173320931","-33,9980010366"
"Queuing traffic","Voortrekker Road (R102) / R302","Voortrekker Road (R102)","272","192","2","13","18,6279107255","-33,9055453218","18,6298150939","-33,9048143856"
"Queuing traffic","Voortrekker Road (R102)","Voortrekker Road (R102) / Durban Road (R302)","315","140","2","6","18,6304923516","-33,9031273020","18,6294261735","-33,9058175343"
"Queuing traffic","Carl Cronje Drive","Carl Cronje Drive","215","138","2","16","18,6287623268","-33,8766927573","18,6308034879","-33,8772171151"
"Stationary traffic","Tafelsig","Pyrenees Street","138","128","3","5","18,6314391714","-34,0652721440","18,6325656992","-34,0651447988"
"Queuing traffic","Lincoln Street (Voortrekker Road)","Modderdam Road North-South (Voortrekker Road)","696","163","2","20","18,6252607029","-33,9011585667","18,6327601594","-33,9015716021"
"Queuing traffic","Kasselsvlei Road (Modderdam Road/M10)","Voortrekker Road - R102 (Modderdam Road/M10)","660","183","2","26","18,6319836598","-33,9074295738","18,6327601594","-33,9015716021"
"Queuing traffic","A.Z.Berman Drive (Highlands Drive)","Swartklip Road (Highlands Drive)","1438","180","2","17","18,6174943667","-34,0267114333","18,6330270391","-34,0255446530"
"Stationary traffic","Fever Tree Way","Styrax Way","138","170","3","4","18,6331785840","-33,9786408592","18,6338182908","-33,9797673451"
"Stationary traffic","De Lille Street","Voortrekker Road (R102) / Charl Malan Street","480","188","3","19","18,6348844689","-33,9055828181","18,6302093786","-33,9038742533"
"Slow traffic","Lange Street","Mfuhavura Street","118","69","1","7","18,6358393353","-33,9580790177","18,6349179965","-33,9584693212"
"Queuing traffic","Botha Street","Swartklip Road (M49)","112","51","2","7","18,6367781085","-34,0457497193","18,6376458031","-34,0450470043"
"Stationary traffic","Corktree Road / Malberrpu Street","Empress Tree Street / Sandalhout Road","176","265","3","4","18,6368491870","-33,9796332685","18,6384249848","-33,9805197407"
"Queuing traffic","Kaap Street","Kaap Street","89","103","2","8","18,6387186867","-33,9648234242","18,6391022426","-33,9648288466"
"Stationary traffic","Lukwart Crescent / Palm Street","Welwitschia Crescent","271","211","3","5","18,6401402575","-33,9887702162","18,6412091178","-33,9865104486"
"Stationary traffic","Morgenster Road (M49)","Spine Road (M49)","488","254","3","6","18,6375827712","-34,0440491779","18,6413888258","-34,0471042246"
"Stationary traffic","Camdeboo Crescent","Jukskei Court","44","98","3","2","18,6421532553","-33,9688064974","18,6421505731","-33,9692007835"
"Slow traffic","N2 exit [22]","Khayelitsha [25]","1237","74","1","31","18,6385497075","-33,9964440123","18,6432489377","-34,0052161644"
"Stationary traffic","Welwitschia Crescent","Aalwyn Road","147","273","3","5","18,6424094063","-33,9843190803","18,6436177414","-33,9835251558"
"Stationary traffic","Saint Vincent Drive (Belhar Drive)","Hindle Road (Delft Main Road)","1366","598","3","34","18,6478180808","-33,9460721049","18,6467975002","-33,9582868925"
"Stationary traffic","Blue Downs [18]","Hindle Road (M54)","539","270","3","21","18,6511386555","-33,9829122796","18,6509576064","-33,9781983095"
"Stationary traffic","Pama Road (M44)","Lansdowne Road (M44)","946","398","3","5","18,6527788263","-34,0312041099","18,6517904323","-34,0227403830"
"Stationary traffic","Doublom Crescent","Doublom Crescent / Kalossie Crescent","160","182","3","8","18,6530953270","-33,9645324218","18,6529115957","-33,9636070609"
"Queuing traffic","Lansdowne Road (M44)","Pama Road (M44)","1542","217","2","18","18,6539831382","-34,0182463551","18,6527788263","-34,0312041099"
"Stationary traffic","Blue Downs [18]","Hindle Road (M54)","328","291","3","18","18,6533152681","-33,9758446324","18,6540582400","-33,9787039016"
"Queuing traffic","Ndlebe Street","Mbesa Crescent / Tandazo Drive","233","178","2","10","18,6573023718","-34,0282295574","18,6554154378","-34,0289805513"
"Queuing traffic","Mew Way (M44)","Japhta K. Masemola Road (M9)","110","49","2","10","18,6571924013","-34,0150853593","18,6573399228","-34,0158015229"
"Stationary traffic","Khayelitsha [25]","Mew Way (M44)","548","476","3","14","18,6538047713","-34,0099086947","18,6593690139","-34,0115408577"
"Stationary traffic","Old Faure Road (M44)","Pama Road (M44)","638","265","3","17","18,6593690139","-34,0115408577","18,6562174183","-34,0166437092"
"Stationary traffic","Airport Approach Road (N2)","Mew Way (N2)","8307","1498","3","114","18,5823668164","-33,9772233299","18,6606457454","-34,0130978136"
"Slow traffic","Khayelitsha [25]","Khayelitsha [25]","516","46","1","9","18,6635452133","-34,0146991369","18,6582934481","-34,0131836889"
"Stationary traffic","Lupin Street","Seder Street","188","103","3","4","18,6642801386","-33,9388865177","18,6646650356","-33,9372221531"
"Stationary traffic","Delft Main Road (Hindle Road)","Heidelberg Road (Hindle Road)","1595","467","3","43","18,6489311975","-33,9777034186","18,6656856161","-33,9803346485"
"Slow traffic","Heidelberg Road (Hindle Road)","Westbank Main Road (Hindle Road)","981","126","1","29","18,6679333073","-33,9801093818","18,6576000970","-33,9794361499"
"Stationary traffic","Bottelary Road (M23)","La Belle Road (M31)","85","83","3","12","18,6681371552","-33,9063687046","18,6672962826","-33,9064585833"
"Stationary traffic","Cecil Morgan Drive (M23)","La Belle Street (M23)","290","202","3","6","18,6703660709","-33,9070835580","18,6674397808","-33,9061380247"
"Stationary traffic","Van Blerk Street","Owen Road / Van Blerk Street","183","194","3","7","18,6707321924","-33,9293955036","18,6701555174","-33,9306507451"
"Stationary traffic","Distributor Road West (Spine Road/M32)","Lwandle Road (Spine Road/M32)","324","216","3","11","18,6681881171","-34,0408801834","18,6714697999","-34,0398555672"
"Queuing traffic","Belhar Drive (Stellenbosch Road/M12)","New Nooiensfontein Drive (Stellenbosch Road/M12)","1347","187","2","18","18,6572527510","-33,9545251158","18,6717930061","-33,9556422572"
"Stationary traffic","Stellenberg Road","Wilger Avenue","58","89","3","3","18,6719834429","-33,8855386981","18,6726043743","-33,8854622267"
"Stationary traffic","Caledon Road","O. Nqubelani Road","43","61","3","2","18,6722597104","-33,9927532796","18,6726767939","-33,9925709244"
"Stationary traffic","Hindle Road (Rotterdam Road)","Stellenbosch Arterial Road (Rotterdam Road)","350","293","3","15","18,6727076393","-33,9588770036","18,6718868834","-33,9558152362"
"Stationary traffic","Mew Way (Steve Biko Road)","Walter Sisulu Road (Steve Biko Road)","492","153","3","13","18,6696230990","-34,0511825417","18,6745194715","-34,0494243280"
"Stationary traffic","Stellenbosch Arterial Road (Rotterdam Road)","Hindle Road (Rotterdam Road)","509","294","3","15","18,6732212824","-33,9616692000","18,6746696752","-33,9659942364"
"Stationary traffic","Kensington Crescent","Canterbury Road / Royston Crescent","202","261","3","11","18,6730214578","-33,9548550175","18,6748708409","-33,9549032685"
"Stationary traffic","Hindle Road (Rotterdam Road)","Stellenbosch Arterial Road (Rotterdam Road)","471","243","3","13","18,6756325883","-33,9701301848","18,6746696752","-33,9659942364"
"Queuing traffic","Stellenbosch Arterial Road (Rotterdam Road)","Carinus Street (Rotterdam Road)","634","130","2","10","18,6768328768","-33,9402289591","18,6763339859","-33,9345962655"
"Stationary traffic","Carinus Street (Rotterdam Road)","Stellenbosch Arterial Road (Rotterdam Road)","1418","418","3","32","18,6767282706","-33,9303181764","18,6768288535","-33,9428320042"
"Queuing traffic","Rietvlei Road","Theyser Road","200","150","2","14","18,6772486192","-33,9342100251","18,6752543968","-33,9344796425"
"Queuing traffic","Stellenbosch Road (M12) / Ipswich Street","Sunbird N Drive","554","122","2","16","18,6783255261","-33,9563369520","18,6763339859","-33,9610294702"
"Stationary traffic","Govan Mbeki Road (Spine Road/M32)","Lansdowne Road (Spine Road/M32)","434","222","3","11","18,6754636091","-34,0392064937","18,6798208576","-34,0378144243"
"Slow traffic","N1 exit [27]","N1","445","28","1","10","18,6758592349","-33,8691115125","18,6802862209","-33,8675718954"
"Stationary traffic","Station Street","Hoof Street","242","211","3","9","18,6794332784","-34,0011003375","18,6803908271","-34,0030905265"
"Stationary traffic","Government Road","Mankayi Street","208","158","3","6","18,6804256958","-33,9914014511","18,6794614416","-33,9897143455"
"Stationary traffic","Fredericks Street","Highbury","174","92","3","6","18,6811726910","-33,9431713385","18,6798517030","-33,9430666874"
"Stationary traffic","Pinehurst","Summerwood Way","61","95","3","3","18,6826586348","-33,8361659194","18,6820001525","-33,8361230317"
"Stationary traffic","Old Paarl Road (Brackenfell Boulevard)","Goede Hoop Avenue (Brackenfell Boulevard)","993","242","3","24","18,6824856323","-33,8775041014","18,6829509956","-33,8685911414"
"Stationary traffic","N1 (Brackenfell Boulevard)","De Bron (Brackenfell Boulevard)","404","171","3","23","18,6831454557","-33,8618923602","18,6815978211","-33,8586267156"
"Stationary traffic","De Bron (Brackenfell Boulevard)","N1 (Brackenfell Boulevard)","715","175","3","16","18,6831454557","-33,8618923602","18,6829577011","-33,8683215940"
"Stationary traffic","Umdaniso Street","Ipiyano Street","172","228","3","17","18,6828825992","-33,9976791548","18,6841097099","-33,9965996048"
"Queuing traffic","Tembalethu Street","Ziqhamo Avenue","681","220","2","27","18,6779486757","-34,0042492076","18,6844825369","-34,0037798307"
"Stationary traffic","Protea Road - Cecil Morgan Road (Brackenfell Boulevard)","Old Paarl Road (Brackenfell Boulevard)","292","143","3","9","18,6847668511","-33,8840835739","18,6831843477","-33,8818077354"
"Slow traffic","Spine Road (N2)","Mew Way (N2)","1488","41","1","9","18,6853864413","-34,0244596914","18,6711090428","-34,0182262076"
"Stationary traffic","Memento Drive","Brackenfell Boulevard","254","177","3","10","18,6834632975","-33,8437083191","18,6856962365","-33,8423698575"
"Queuing traffic","Range Road (Stellenbosch Road/M12)","New Nooiensfontein Drive (Stellenbosch Road/M12)","732","109","2","13","18,6862004918","-33,9562524793","18,6783255261","-33,9563369520"
"Queuing traffic","Belami Close","Langeberg Road (M15)","1182","198","2","42","18,6843403798","-33,8490271497","18,6841861528","-33,8393443531"
"Stationary traffic","Khwezi Avenue / Uvumendlini Road","Lukhanyo Street","780","494","3","26","18,6870279533","-34,0030623844","18,6791596931","-34,0035867288"
"Stationary traffic","N2 (Spine Road/M32)","Lansdowne Road (Spine Road/M32)","944","588","3","28","18,6871848625","-34,0327691796","18,6798208576","-34,0378144243"
"Slow traffic","Lisbon Street","Narvik Street","542","142","1","10","18,6854990941","-33,8215385049","18,6885018271","-33,8222653497"
"Queuing traffic","Old Oak Way (N1)","Okavango Road (N1)","3438","239","2","54","18,6602474373","-33,8762019388","18,6919055504","-33,8601529213"
"Queuing traffic","Old Faure Road (Spine Road/M32)","N2 (Spine Road/M32)","952","152","2","18","18,6921657246","-34,0179244805","18,6898818237","-34,0262151577"
"Stationary traffic","Okavango Road (M15)","Fairtrees Road (M15)","798","157","3","23","18,6929797751","-33,8385169120","18,6844195050","-33,8391981503"
"Queuing traffic","Brackenfell Boulevard (R101)","Windmeul Street (R101)","876","128","2","22","18,6853609604","-33,8802963214","18,6930226904","-33,8756480683"
"Slow traffic","Bermuda Street","Kingston Road","180","87","1","4","18,6935980242","-34,0018460124","18,6922502142","-34,0028759516"
"Stationary traffic","Dombeya Avenue","Okavango Road (M137) / Tanner Road","136","110","3","17","18,6943383139","-33,8493865577","18,6957692724","-33,8494871471"
"Stationary traffic","Van Riebeeck Road (Van Riebeek Road)","Stellenbosch Road (Van Riebeek Road)","1108","569","3","32","18,6899944764","-33,9427421638","18,6958135289","-33,9514553350"
"Stationary traffic","Langeberg Road (M15) (Okavango Road)","N1 (Okavango Road)","900","295","3","33","18,6954755706","-33,8505935533","18,6960428578","-33,8583464872"
"Stationary traffic","Brackenfell East [29]","Okavango Road (M137)","320","294","3","8","18,6984984201","-33,8563160216","18,6960428578","-33,8583464872"
"Stationary traffic","Hlanga Crescent","Japhta K. Masemola Road (M9) / Lindela Road","235","230","3","6","18,6986472827","-34,0447291208","18,6986942214","-34,0468427428"
"Stationary traffic","Van Riebeeck Street (M25)","Okavango Road (M25)","563","195","3","15","18,7042276186","-33,8605512602","18,6990013343","-33,8631409396"
"Stationary traffic","Goldbel Street","Goldbel Street","138","124","3","3","18,7046420199","-34,0018567135","18,7048606199","-34,0030837863"
"Stationary traffic","Tambotie Street","Tambotie Street","267","385","3","5","18,7047479671","-34,0041406015","18,7058798593","-34,0057123543"
"Stationary traffic","Kruisfontein Way (R101)","Okavango Road (R101)","328","162","3","13","18,7030662221","-33,8693582996","18,7058932704","-33,8675652141"
"Stationary traffic","Lansdowne Road - M9 (Fukutha Road)","Walter Sisulu Road - M45 (Fukutha Road)","236","146","3","6","18,7085231763","-34,0518597884","18,7069688362","-34,0535106587"
"Queuing traffic","Tutu Avenue / Khalipha Crescent","Japhta K. Masemola Road (M9)","182","96","2","20","18,7127315623","-34,0464215922","18,7140015882","-34,0472329858"
"Stationary traffic","Kraaifontein [32]","Van Riebeeck Street (M15)","166","144","3","10","18,7168447298","-33,8443829025","18,7157477063","-33,8455603824"
"Queuing traffic","Camelia Street","Clivia Street","182","85","2","3","18,7156390768","-33,7935107895","18,7175944072","-33,7936971930"
"Stationary traffic","Walter Sisulu Road - M45 (R310)","Macassar Road (R310)","1210","248","3","21","18,7120234591","-34,0578384501","18,7185036761","-34,0484573887"
"Stationary traffic","Fukutha Road (M9)","Baden Powell Drive (M9)","560","168","3","14","18,7127141279","-34,0469607396","18,7185036761","-34,0484573887"
"Stationary traffic","N2 (J38) (M9)","Fukutha Road (M9)","800","247","3","18","18,7208586556","-34,0493707136","18,7127141279","-34,0469607396"
"Stationary traffic","Voortrekker Road (R101) / Perth Road","Van Riebeeck Street (M15)","131","130","3","2","18,7203530592","-33,8523007488","18,7214755636","-33,8515792410"
"Stationary traffic","Okavango Road (M15)","Voortrekker Road (M15)","1799","812","3","64","18,7069581073","-33,8413680513","18,7214755636","-33,8515792410"
"Stationary traffic","Ultra Avenue","La Boheme Avenue / Melody Street","205","174","3","8","18,7225873393","-33,8699148555","18,7214527649","-33,8683269529"
"Stationary traffic","Voortrekker Road (M15)","N1 (M15)","1343","509","3","30","18,7238841873","-33,8541742739","18,7146801871","-33,8448830933"
"Stationary traffic","Church Street","Van Riebeeck Street (M15)","285","304","3","5","18,7239110094","-33,8500021352","18,7214755636","-33,8515792410"
"Queuing traffic","3rd Avenue","1st Avenue","189","143","2","10","18,7256987017","-33,8540026199","18,7269754332","-33,8553262817"
"Queuing traffic","Old Faure Road (R310)","Walter Sisulu Road - M45 (R310)","2253","428","2","35","18,7279021364","-34,0324312448","18,7172618133","-34,0506460602"
"Stationary traffic","Boesak Road","Coffee Crescent / Mayonga Crescent","237","252","3","8","18,7312186879","-33,8621256654","18,7294229490","-33,8616697034"
"Slow traffic","Sabatha","Grootboom Avenue","315","92","1","13","18,7326724452","-33,8575082325","18,7308860940","-33,8551465556"
"Stationary traffic","R304 (R101)","Maroela Road (R101)","398","134","3","20","18,7411576134","-33,8456139861","18,7374977392","-33,8473265717"
"Slow traffic","Masimini Street","Mhlazana Crescent","106","96","1","6","18,7424625081","-33,8578328022","18,7423753363","-33,8571126637"
"Queuing traffic","Khwababa Street / Njenjese Street","Khwababa Street / Mabindisa Crescent","248","149","2","16","18,7453069907","-33,8423644970","18,7468640131","-33,8429907766"
"Stationary traffic","Steynsrust Road (Broadway Boulevard)","M9 (Broadway Boulevard)","341","166","3","4","18,8267334920","-34,0665073264","18,8254446906","-34,0693826369"
"Stationary traffic","Merriman Avenue (Bird Street)","Adam Tas Street (Bird Street)","733","418","3","22","18,8581716639","-33,9309726025","18,8554559273","-33,9247780947"
"Stationary traffic","Helshoogte Road (Molteno Street)","Bird Street (Molteno Street)","155","128","3","3","18,8588945192","-33,9284365865","18,8573227448","-33,9289341287"
"Stationary traffic","Alexander Street (Bird Street)","Merriman Avenue (Bird Street)","209","160","3","8","18,8593545181","-33,9340477814","18,8587255401","-33,9322573772"
"Queuing traffic","Berg River Boulevard S (Main Street)","Market Street (Main Street)","929","194","2","25","18,9620214326","-33,7524474785","18,9622749013","-33,7441098008"
"Stationary traffic","Main Street (R45)","Main Street (R45) / Hartford Street","263","192","3","2","18,9607245845","-33,7657378439","18,9635663850","-33,7658008347"
"Queuing traffic","Main Street","Berg River Boulevard S (R45)","250","76","2","9","18,9649785680","-33,7501166317","18,9676352960","-33,7496794471"
"Queuing traffic","Paarl [59]","Paarl SP2","792","134","2","25","18,9808250589","-33,7586179056","18,9872838182","-33,7541211609"
"Stationary traffic","Johannes Street","Pelikaan Street","221","162","3","4","18,9904313905","-33,6566201964","18,9909557623","-33,6546822769"
"Stationary traffic","Jasmyn Street","Titus Street","282","331","3","11","18,9956174416","-33,7229029593","18,9925905687","-33,7227071296"
"Stationary traffic","Rand Street","Mbekweni","88","110","3","2","19,0028594059","-33,6844923546","19,0025710685","-33,6837386742"
"Slow traffic","Harper Street","Solomon Street","300","141","1","5","19,0007646007","-33,7311601636","19,0034038944","-33,7309897964"
"Stationary traffic","Paarl [62A]","Drakenstein","109","66","3","6","19,0178730709","-33,7419775106","19,0189016981","-33,7424401746"
"Slow traffic","Santa Rosa Crescent","Santa Rosa Crescent","548","158","1","15","19,1016921026","-33,8924131843","19,1011878473","-33,8928691908"
